Time prior,r2_score
1 hour,﻿0.8532377038484444
2 hour,﻿0.8332377038484444
3 hour,﻿0.7985392503565494
4 hour,﻿0.7974751993059943
5 hour,﻿0.7692358283780501
6 hour,﻿0.7321235981176872
7 hour,﻿0.7151090397022428
8 hour,﻿0.6900715249391218
9 hour,﻿0.6802119184343645
10 hour,﻿0.6716807642161958
11 hour,﻿0.6501429213533214
12 hour,﻿0.645154615793085